{
  "M": 8,
  "I": 5,
  "alpha_c": [
    0.20163902177778018,
    0.02767249472744978,
    0.16416455534439503,
    0.080087096802085,
    0.52643683134829
  ],
  "io_matrix": [
    [
      0.1369036554647963,
      0.04495244614775719,
      0.019960450840004987,
      0.04081702851594315,
      0.0036664007688523128,
      0.07872164786005513,
      0.26555882042012086,
      0.4094195499824701
    ],
    [
      0.0029795545081382252,
      0.13402514322626796,
      0.4469033552735506,
      0.018083179871026825,
      0.003876350754672728,
      0.1136967505416079,
      0.17575525161739394,
      0.10468041420734174
    ],
    [
      0.01751598470058009,
      0.10592478178224109,
      0.017488267786141428,
      0.004991771295245353,
      0.004334665718631271,
      0.08457852517112574,
      0.3152610770825306,
      0.44990492646350444
    ],
    [
      0.004789890923220343,
      0.13667264635128576,
      0.015291602067250032,
      0.004252721488986329,
      0.013129717477904757,
      0.18755972672033286,
      0.23763685493369063,
      0.4006668400373294
    ],
    [
      0.008735527524515953,
      0.03083765674647813,
      0.011260803809346957,
      0.0037688182084076225,
      0.007377830108137865,
      0.15233577420458974,
      0.6901310188964475,
      0.09555257050207618
    ]
  ],
  "c_min": [
    0.0,
    0.0,
    0.0,
    0.0,
    0.0
  ],
  "gamma": [
    0.5915495190928158,
    0.5767579126346205,
    0.663513978834495,
    0.43271074145043387,
    0.3078620866543369,
    0.5159414876900161,
    0.42738703028008734,
    0.5252712249258268
  ],
  "epsilon": [
    1.0,
    1.0,
    1.0,
    1.0,
    1.0,
    1.0,
    1.0,
    1.0
  ],
  "gamma_g": [
    0.0,
    0.0,
    0.0,
    0.0,
    0.0,
    0.0,
    0.0,
    0.0
  ],
  "Z": [
    [
      0.31618091610631693,
      0.7762967094978771,
      0.4445165988739648,
      3.0473439532033444,
      1.827782942784836,
      0.7313006940750193,
      1.8759316533990085,
      0.865
    ]
  ],
  "cit_rate": [
    [
      0.27
    ]
  ],
  "tau_c": [
    [
      0.18
    ]
  ],
  "chi_b": [
    150.11439400590118,
    150.11439400590118,
    150.11439400590118,
    150.11439400590118,
    150.11439400590118,
    150.11439400590118,
    150.11439400590118
  ],
  "chi_n": [
    71.52952514380947,
    62.349308406749515,
    47.56453834477014,
    50.0622873933169,
    45.80547982455312,
    43.44045993417065,
    42.15908962162643,
    41.009290672454135,
    40.27272739643757,
    41.2882934915608,
    40.4806367703507,
    40.40650806840327,
    39.96473960821418,
    39.59538331064135,
    39.1456949276103,
    38.60345509115605,
    38.41939930726504,
    38.11238112667683,
    35.72980209292731,
    35.513630835582674,
    38.62664718333669,
    38.443572547124894,
    37.936625317744806,
    37.44935348816556,
    36.90808295911771,
    36.94295102392132,
    36.836330980841986,
    36.84164769492028,
    36.759541069681916,
    36.74319259890252,
    36.740602600205534,
    36.760636022836096,
    36.78160861740845,
    36.77806088887772,
    40.67656754102254,
    40.72700678427339,
    41.00807129323162,
    41.23062976792682,
    41.225488725218106,
    41.760293208094254,
    42.10652002995304,
    43.56827479741837,
    45.37835828848736,
    46.86894175598526,
    49.49390093194349,
    55.637573215065785,
    57.173783239578405,
    59.13821808465981,
    62.17276209541865,
    61.71928910334312,
    71.43726123450797,
    73.74234708992583,
    75.20708393612098,
    66.04942462634811,
    67.51288968463294,
    69.53301233510862,
    70.2343844438528,
    71.1462829645623,
    72.48226870279862,
    74.09747909168733,
    69.6269949604,
    75.13202961005581,
    76.68151661473208,
    78.31554048409986,
    79.97499258719,
    81.3955159406898,
    85.15550624331692,
    86.73601029689726,
    94.22342103242721,
    95.79637690269806,
    101.08133084708184,
    101.14013041127807,
    116.03067268900372,
    121.73458665625847,
    125.55582635246337,
    127.73702456235227,
    133.75042325856742,
    138.05262500726403,
    140.63928581687261,
    143.77784307796597
  ],
  "nu": 0.2
}
